register,successful_simulations,total_simulations,success_rate,success_rate_percent
tcr_execute/hc_o,4684,61404,0.07628167546088203,7.6281675460882035
rf_reg[1],1281,68892,0.018594321546768856,1.8594321546768857
csr_group12/hc_o,1060,60378,0.017556063466825665,1.7556063466825664
csr_group15/hc_o,1058,60378,0.01752293881877505,1.752293881877505
tpr_load_store_enable/hc_o,970,55572,0.01745483336932268,1.745483336932268
tpr_load_store_mode/hc_o,968,55572,0.01741884402216944,1.741884402216944
memory_set_o_tag/hc_o,932,54312,0.017160111945794667,1.7160111945794667
pc_if_o_tag/hc_o,922,54312,0.01697599057298571,1.697599057298571
id_group9/hc_o,537,31944,0.016810668670172804,1.6810668670172804
tpr/hc_o_32,6181,420300,0.014706162265048775,1.4706162265048774
tcr/hc_o_32,5656,420300,0.013457054484891744,1.3457054484891744
if_stage/hc_o,1018,99108,0.010271622876054405,1.0271622876054405
memory_set_o_tag,705,68892,0.010233408813795506,1.0233408813795506
pc_if_o_tag,467,68892,0.006778726122046101,0.6778726122046101
lsu_reg/hc_o,224,35292,0.006347047489516038,0.6347047489516038
id_stage/hc_o,745,132330,0.005629864732109121,0.5629864732109121
hc_o_26,654,126594,0.005166121617138253,0.5166121617138253
hc_o_rf_tag,5746,1474944,0.0038957411264427667,0.38957411264427666
tpr_q,1343,405504,0.0033119278724747475,0.33119278724747475
regfile_alu_waddr_ex_o_tag,2734,880764,0.0031041232384611543,0.31041232384611545
tcr_q,1217,405504,0.0030012034406565655,0.3001203440656566
rdata_q_tag,1351,479424,0.0028179648912027766,0.28179648912027766
ex_stage/hc_o,57,20520,0.002777777777777778,0.2777777777777778
rf_reg[4],177,68892,0.0025692388085699356,0.2569238808569936
rf_reg[5],177,68892,0.0025692388085699356,0.2569238808569936
rf_reg[7],177,68892,0.0025692388085699356,0.2569238808569936
rf_reg[10],177,68892,0.0025692388085699356,0.2569238808569936
rf_reg[11],177,68892,0.0025692388085699356,0.2569238808569936
rf_reg[12],177,68892,0.0025692388085699356,0.2569238808569936
rf_reg[14],177,68892,0.0025692388085699356,0.2569238808569936
rf_reg[17],177,68892,0.0025692388085699356,0.2569238808569936
rf_reg[18],177,68892,0.0025692388085699356,0.2569238808569936
rf_reg[21],177,68892,0.0025692388085699356,0.2569238808569936
rf_reg[23],177,68892,0.0025692388085699356,0.2569238808569936
rf_reg[24],177,68892,0.0025692388085699356,0.2569238808569936
rf_reg[26],177,68892,0.0025692388085699356,0.2569238808569936
rf_reg[29],177,68892,0.0025692388085699356,0.2569238808569936
rf_reg[6],172,68892,0.0024966614410962084,0.24966614410962085
rf_reg[13],172,68892,0.0024966614410962084,0.24966614410962085
rf_reg[16],172,68892,0.0024966614410962084,0.24966614410962085
rf_reg[19],172,68892,0.0024966614410962084,0.24966614410962085
rf_reg[20],172,68892,0.0024966614410962084,0.24966614410962085
rf_reg[22],172,68892,0.0024966614410962084,0.24966614410962085
rf_reg[25],172,68892,0.0024966614410962084,0.24966614410962085
rf_reg[28],172,68892,0.0024966614410962084,0.24966614410962085
rf_reg[31],172,68892,0.0024966614410962084,0.24966614410962085
rf_reg[8],170,68892,0.002467630494106718,0.2467630494106718
rf_reg[27],169,68892,0.0024531150206119723,0.24531150206119723
pc_id_o_tag,168,68892,0.002438599547117227,0.2438599547117227
rf_reg[3],168,68892,0.002438599547117227,0.2438599547117227
rf_reg[15],168,68892,0.002438599547117227,0.2438599547117227
rf_reg[30],168,68892,0.002438599547117227,0.2438599547117227
is_store_post_o_tag,164,68892,0.002380537653138245,0.23805376531382452
check_s2_o_tag,162,68892,0.0023515067061487547,0.23515067061487546
alu_operator_o_mode,321,137136,0.0023407420371018553,0.23407420371018553
check_s1_o_tag,161,68892,0.002336991232654009,0.2336991232654009
register_set_o_tag,161,68892,0.002336991232654009,0.2336991232654009
rf_reg[2],161,68892,0.002336991232654009,0.2336991232654009
data_we_q_tag,161,68892,0.002336991232654009,0.2336991232654009
alu_operand_c_ex_o_tag,160,68892,0.0023224757591592637,0.23224757591592637
store_dest_addr_ex_o_tag,160,68892,0.0023224757591592637,0.23224757591592637
store_source_ex_o_tag,160,68892,0.0023224757591592637,0.23224757591592637
use_store_ops_ex_o,160,68892,0.0023224757591592637,0.23224757591592637
alu_operand_b_ex_o_tag,158,68892,0.002293444812169773,0.2293444812169773
data_type_q_tag,313,137136,0.0022824057869560146,0.22824057869560146
check_d_o_tag,157,68892,0.0022789293386750275,0.22789293386750276
rs1_o_tag,157,68892,0.0022789293386750275,0.22789293386750276
rdata_offset_q_tag,312,137136,0.0022751137556877845,0.22751137556877846
hc_o_5,589,260208,0.0022635737563795116,0.22635737563795116
rf_reg[9],152,68892,0.0022063519712013004,0.22063519712013005
rf_reg[0],148,68892,0.002148290077222319,0.2148290077222319
alu_operand_a_ex_o_tag,138,68892,0.002003135342274865,0.20031353422748652
alu_operator_o_mode/hc_o,202,102456,0.0019715780432575936,0.19715780432575936
rdata_offset_q_tag/hc_o,202,102456,0.0019715780432575936,0.19715780432575936
data_type_q_tag/hc_o,202,102456,0.0019715780432575936,0.19715780432575936
rdata_q_tag/hc_o,202,102456,0.0019715780432575936,0.19715780432575936
store_dest_addr_ex_o_tag/hc_o,102,54312,0.0018780380026513477,0.18780380026513477
store_source_ex_o_tag/hc_o,102,54312,0.0018780380026513477,0.18780380026513477
use_store_ops_ex_o/hc_o,102,54312,0.0018780380026513477,0.18780380026513477
alu_operand_c_ex_o_tag/hc_o,102,54312,0.0018780380026513477,0.18780380026513477
check_s1_o_tag/hc_o,102,54312,0.0018780380026513477,0.18780380026513477
check_s2_o_tag/hc_o,102,54312,0.0018780380026513477,0.18780380026513477
check_d_o_tag/hc_o,102,54312,0.0018780380026513477,0.18780380026513477
is_store_post_o_tag/hc_o,102,54312,0.0018780380026513477,0.18780380026513477
data_we_q_tag/hc_o,102,54312,0.0018780380026513477,0.18780380026513477
alu_operand_b_ex_o_tag/hc_o,94,54312,0.0017307409044041832,0.17307409044041833
register_set_o_tag/hc_o,94,54312,0.0017307409044041832,0.17307409044041833
tpr_branch/hc_o,96,55572,0.0017274886633556468,0.1727488663355647
tpr_shift/hc_o,96,55572,0.0017274886633556468,0.1727488663355647
tpr_comparison/hc_o,96,55572,0.0017274886633556468,0.1727488663355647
tpr_logical/hc_o,96,55572,0.0017274886633556468,0.1727488663355647
tcr_shift/hc_o,96,55572,0.0017274886633556468,0.1727488663355647
tcr_comparison/hc_o,96,55572,0.0017274886633556468,0.1727488663355647
tcr_logical/hc_o,96,55572,0.0017274886633556468,0.1727488663355647
tcr/sd_o_32,29,16890,0.0017169923031379515,0.17169923031379514
tpr_jump/hc_o,95,55572,0.0017094939897790253,0.17094939897790254
rs1_o_tag/hc_o,92,54312,0.0016939166298423922,0.16939166298423922
pc_id_o_tag/hc_o,90,54312,0.001657092355280601,0.1657092355280601
tpr_arith/hc_o,92,55572,0.0016555099690491615,0.16555099690491615
tcr_branch/hc_o,91,55572,0.00163751529547254,0.163751529547254
id_group0/hc_o,96,60378,0.0015899831064294942,0.15899831064294942
id_group1/hc_o,96,60378,0.0015899831064294942,0.15899831064294942
id_group4/hc_o,96,60378,0.0015899831064294942,0.15899831064294942
id_group5/hc_o,96,60378,0.0015899831064294942,0.15899831064294942
id_group6/hc_o,96,60378,0.0015899831064294942,0.15899831064294942
id_group7/hc_o,96,60378,0.0015899831064294942,0.15899831064294942
csr_group3/hc_o,96,60378,0.0015899831064294942,0.15899831064294942
csr_group6/hc_o,96,60378,0.0015899831064294942,0.15899831064294942
csr_group8/hc_o,96,60378,0.0015899831064294942,0.15899831064294942
csr_group9/hc_o,96,60378,0.0015899831064294942,0.15899831064294942
csr_group10/hc_o,96,60378,0.0015899831064294942,0.15899831064294942
csr_group11/hc_o,96,60378,0.0015899831064294942,0.15899831064294942
csr_group16/hc_o,96,60378,0.0015899831064294942,0.15899831064294942
lsu_group2/hc_o,96,60378,0.0015899831064294942,0.15899831064294942
lsu_group3/hc_o,96,60378,0.0015899831064294942,0.15899831064294942
lsu_group4/hc_o,96,60378,0.0015899831064294942,0.15899831064294942
lsu_group5/hc_o,96,60378,0.0015899831064294942,0.15899831064294942
csr_group18/hc_o,50,31944,0.0015652391685449538,0.15652391685449538
tcr_arith/hc_o,86,55572,0.0015475419275894336,0.15475419275894337
tcr_jump/hc_o,86,55572,0.0015475419275894336,0.15475419275894337
csr_group0/hc_o,93,60378,0.0015402961343535726,0.15402961343535726
id_group3/hc_o,92,60378,0.0015237338103282652,0.15237338103282652
id_group8/hc_o,92,60378,0.0015237338103282652,0.15237338103282652
csr_group13/hc_o,92,60378,0.0015237338103282652,0.15237338103282652
csr_group2/hc_o,91,60378,0.001507171486302958,0.1507171486302958
csr_group4/hc_o,91,60378,0.001507171486302958,0.1507171486302958
csr_group7/hc_o,91,60378,0.001507171486302958,0.1507171486302958
lsu_group1/hc_o,91,60378,0.001507171486302958,0.1507171486302958
csr_group14/hc_o,48,31944,0.0015026296018031556,0.15026296018031557
csr_group20/hc_o,48,31944,0.0015026296018031556,0.15026296018031557
csr_group1/hc_o,90,60378,0.001490609162277651,0.1490609162277651
csr_group5/hc_o,90,60378,0.001490609162277651,0.1490609162277651
alu_operand_a_ex_o_tag/hc_o,80,54312,0.0014729709824716454,0.14729709824716453
id_group2/hc_o,85,60378,0.0014077975421511147,0.14077975421511146
tcr_load_store/hc_o,78,55572,0.0014035845389764629,0.14035845389764628
csr_group17/hc_o,84,60378,0.0013912352181258073,0.13912352181258072
id_stage/sd_o,7,5262,0.0013302926643861649,0.13302926643861648
csr_group19/hc_o,40,31944,0.001252191334835963,0.12521913348359628
sd_o_26,6,5028,0.0011933174224343676,0.11933174224343676
sp_o_32,6,5502,0.0010905125408942203,0.10905125408942204
tpr/sd_o_32,14,16890,0.0008288928359976317,0.08288928359976316
ex_stage/sd_o,4,5262,0.0007601672367920942,0.07601672367920942
lsu/sd_o,4,5262,0.0007601672367920942,0.07601672367920942
sp_o_26,2,2766,0.0007230657989877079,0.07230657989877079
sp_o_rf_tag,2,2766,0.0007230657989877079,0.07230657989877079
tcr_execute/sd_o,10,16560,0.0006038647342995169,0.06038647342995169
sd_o_rf_tag,19,33450,0.0005680119581464873,0.05680119581464873
sd_o_5,10,19590,0.0005104645227156713,0.05104645227156713
lsu/hc_o,18,36804,0.000489077274209325,0.0489077274209325
if_stage/sd_o,6,13860,0.0004329004329004329,0.04329004329004329
pc_if_o_tag/sd_o,6,14562,0.00041203131437989287,0.04120313143798929
memory_set_o_tag/sd_o,6,14562,0.00041203131437989287,0.04120313143798929
pc_id_o_tag/sd_o,4,14562,0.0002746875429199286,0.02746875429199286
alu_operator_o_mode/sd_o,4,14562,0.0002746875429199286,0.02746875429199286
store_dest_addr_ex_o_tag/sd_o,4,14562,0.0002746875429199286,0.02746875429199286
store_source_ex_o_tag/sd_o,4,14562,0.0002746875429199286,0.02746875429199286
use_store_ops_ex_o/sd_o,4,14562,0.0002746875429199286,0.02746875429199286
alu_operand_a_ex_o_tag/sd_o,4,14562,0.0002746875429199286,0.02746875429199286
alu_operand_b_ex_o_tag/sd_o,4,14562,0.0002746875429199286,0.02746875429199286
alu_operand_c_ex_o_tag/sd_o,4,14562,0.0002746875429199286,0.02746875429199286
check_s1_o_tag/sd_o,4,14562,0.0002746875429199286,0.02746875429199286
check_s2_o_tag/sd_o,4,14562,0.0002746875429199286,0.02746875429199286
check_d_o_tag/sd_o,4,14562,0.0002746875429199286,0.02746875429199286
register_set_o_tag/sd_o,4,14562,0.0002746875429199286,0.02746875429199286
is_store_post_o_tag/sd_o,4,14562,0.0002746875429199286,0.02746875429199286
rs1_o_tag/sd_o,4,14562,0.0002746875429199286,0.02746875429199286
data_we_q_tag/sd_o,4,14562,0.0002746875429199286,0.02746875429199286
rdata_offset_q_tag/sd_o,4,14562,0.0002746875429199286,0.02746875429199286
data_type_q_tag/sd_o,4,14562,0.0002746875429199286,0.02746875429199286
rdata_q_tag/sd_o,4,14562,0.0002746875429199286,0.02746875429199286
tpr_load_store_mode/sd_o,2,7962,0.00025119316754584274,0.025119316754584273
tpr_load_store_enable/sd_o,2,7962,0.00025119316754584274,0.025119316754584273
csr_group12/sd_o,2,8598,0.00023261223540358222,0.02326122354035822
csr_group15/sd_o,2,8598,0.00023261223540358222,0.02326122354035822
id_group9/sd_o,1,8598,0.00011630611770179111,0.01163061177017911
id_group0/sd_o,0,8598,0.0,0.0
id_group1/sd_o,0,8598,0.0,0.0
id_group2/sd_o,0,8598,0.0,0.0
id_group3/sd_o,0,8598,0.0,0.0
id_group4/sd_o,0,8598,0.0,0.0
id_group5/sd_o,0,8598,0.0,0.0
id_group6/sd_o,0,8598,0.0,0.0
id_group7/sd_o,0,8598,0.0,0.0
id_group8/sd_o,0,8598,0.0,0.0
csr_group0/sd_o,0,8598,0.0,0.0
csr_group1/sd_o,0,8598,0.0,0.0
csr_group2/sd_o,0,8598,0.0,0.0
csr_group3/sd_o,0,8598,0.0,0.0
csr_group4/sd_o,0,8598,0.0,0.0
csr_group5/sd_o,0,8598,0.0,0.0
csr_group6/sd_o,0,8598,0.0,0.0
csr_group7/sd_o,0,8598,0.0,0.0
csr_group8/sd_o,0,8598,0.0,0.0
csr_group9/sd_o,0,8598,0.0,0.0
csr_group10/sd_o,0,8598,0.0,0.0
csr_group11/sd_o,0,8598,0.0,0.0
csr_group13/sd_o,0,8598,0.0,0.0
csr_group14/sd_o,0,8598,0.0,0.0
csr_group16/sd_o,0,8598,0.0,0.0
csr_group17/sd_o,0,8598,0.0,0.0
csr_group18/sd_o,0,8598,0.0,0.0
csr_group19/sd_o,0,8598,0.0,0.0
csr_group20/sd_o,0,8598,0.0,0.0
lsu_group1/sd_o,0,8598,0.0,0.0
lsu_group2/sd_o,0,8598,0.0,0.0
lsu_group3/sd_o,0,8598,0.0,0.0
lsu_group4/sd_o,0,8598,0.0,0.0
lsu_group5/sd_o,0,8598,0.0,0.0
tpr_arith/sd_o,0,7962,0.0,0.0
tpr_branch/sd_o,0,7962,0.0,0.0
tpr_jump/sd_o,0,7962,0.0,0.0
tpr_shift/sd_o,0,7962,0.0,0.0
tpr_comparison/sd_o,0,7962,0.0,0.0
tpr_logical/sd_o,0,7962,0.0,0.0
tcr_arith/sd_o,0,7962,0.0,0.0
tcr_branch/sd_o,0,7962,0.0,0.0
tcr_jump/sd_o,0,7962,0.0,0.0
tcr_shift/sd_o,0,7962,0.0,0.0
tcr_comparison/sd_o,0,7962,0.0,0.0
tcr_logical/sd_o,0,7962,0.0,0.0
tcr_load_store/sd_o,0,7962,0.0,0.0
sp_o_5,0,2766,0.0,0.0
